{"flutter":{"platforms":{"android":{"default":{"projectId":"aharexpress-master","appId":"1:36587859772:android:652b288d7709a2c3093839","fileOutput":"android/app/google-services.json"}},"dart":{"lib/firebase_options.dart":{"projectId":"aharexpress-master","configurations":{"android":"1:36587859772:android:652b288d7709a2c3093839","ios":"1:36587859772:ios:0cb4bd564248d0fc093839","macos":"1:36587859772:ios:0cb4bd564248d0fc093839","web":"1:36587859772:web:31f149c03e8d8897093839","windows":"1:36587859772:web:f28c81f677aa3fd0093839"}}}}}}